utc_time,x_error (m),y_error (m),z_error (m),satclockerror (m)
2025-09-01 14:00:00,-1.3858366400786788,1.5409030396627688,1.543607225506795,-1.5182074756023325
2025-09-01 14:15:00,-1.2932562035584416,1.4355223407801463,1.610976642830287,-1.4912786385495094
2025-09-01 14:30:00,-1.1080953305179675,1.2247609430149011,1.7457154774772705,-1.4374209644438634
2025-09-01 14:45:00,-0.9229344574774933,1.0139995452496562,1.8804543121242543,-1.3835632903382171
2025-09-01 15:00:00,-0.7377735844370195,0.8032381474844112,2.015193146771238,-1.3297056162325713
2025-09-01 15:15:00,-0.7074993471808013,0.6388620805251347,2.0717640138396467,-0.9017988022844351
2025-09-01 15:30:00,-0.6772251099245835,0.4744860135658585,2.128334880908055,-0.473891988336299
2025-09-01 15:45:00,-0.6469508726683653,0.3101099466065821,2.1849057479764635,-0.04598517438816296
2025-09-01 16:00:00,-0.6469508726683653,0.14573387964730578,2.2380829378800735,0.13345281786965252
2025-09-01 16:15:00,-0.7153346151597271,-0.14062119735282977,2.2380829378800735,0.13345281786965252
2025-09-01 16:30:00,-0.8139925949073066,-0.4269762743529653,2.234689260715274,-0.11501600382066837
2025-09-01 16:45:00,-0.9126505746548865,-0.7133313513531009,2.2312955835504753,-0.36348482551098926
2025-09-01 17:00:00,-1.0091435168767555,-0.9996864283532363,2.2279019063856764,-0.36348482551098926
2025-09-01 17:15:00,-1.0091435168767555,-1.1438645994083052,2.067499705631989,-0.08860487637766504
2025-09-01 17:30:00,-1.0069784793510443,-1.2880427704633741,1.9070975048783019,0.4347438944459801
2025-09-01 17:45:00,-1.0048134418253332,-1.4322209415184433,1.7466953041246147,0.9580926652696252
2025-09-01 18:00:00,-1.0048134418253332,-1.5763991125735122,1.5862931033709278,1.432079250745258
2025-09-01 18:15:00,-1.1295321805598015,-1.6350701841693878,1.4088950994285658,1.432079250745258
2025-09-01 18:30:00,-1.2564159568199804,-1.6937412557652638,1.2314970954862041,1.3827170653972454
2025-09-01 18:45:00,-1.38329973308016,-1.7524123273611398,1.0540990915438424,1.333354880049233
2025-09-01 19:00:00,-1.5101835093403388,-1.8110833989570154,0.8767010876014808,1.2839926947012206
2025-09-01 19:15:00,-1.5694121599042254,-1.8946886700179255,0.5957734071660726,0.847568050387696
2025-09-01 19:30:00,-1.6286408104681125,-1.9782939410788354,0.3148457267306646,0.41114340607417116
2025-09-01 19:45:00,-1.6878694610319993,-2.0618992121397453,0.03391804629525654,-0.025281238239353576
2025-09-01 20:00:00,-1.7246983275567433,-2.1027593431106184,-0.21892776207780051,-0.4590271179585801
2025-09-01 20:15:00,-1.7246983275567433,-2.1027593431106184,-0.21892776207780051,-0.4590271179585801
2025-09-01 20:30:00,-1.7022985435176003,-2.060014203020582,-0.19084589001544944,-0.45634835336428214
2025-09-01 20:45:00,-1.6798987594784578,-2.017269062930545,-0.16276401795309833,-0.4536695887699841
2025-09-01 21:00:00,-1.6574989754393148,-1.9745239228405085,-0.13468214589074726,-0.45099082417568603
2025-09-01 21:15:00,-1.635099191400172,-1.931778782750472,-0.10660027382839621,-0.44831205958138803
2025-09-01 21:30:00,-1.612699407361029,-1.8890336426604353,-0.07851840176604516,-0.44563329498709003
2025-09-01 21:45:00,-1.5902996233218865,-1.8462885025703983,-0.050436529703694104,-0.442954530392792
2025-09-01 22:00:00,-1.5678998392827435,-1.803543362480362,-0.02235465764134298,-0.440275765798494
2025-09-01 22:15:00,-1.545500055243601,-1.7607982223903251,0.005727214421008037,-0.4375970012041959
2025-09-01 22:30:00,-1.5231002712044583,-1.7180530823002889,0.03380908648335909,-0.4349182366098979
2025-09-01 22:45:00,-1.5007004871653153,-1.6753079422102521,0.06189095854571018,-0.4322394720155999
2025-09-01 23:00:00,-1.4783007031261728,-1.6325628021202152,0.08997283060806123,-0.42956070742130187
2025-09-01 23:15:00,-1.4559009190870298,-1.589817662030179,0.11805470267041229,-0.42688194282700387
2025-09-01 23:30:00,-1.4335011350478872,-1.547072521940142,0.14613657473276334,-0.42420317823270587
2025-09-01 23:45:00,-1.4111013510087442,-1.5043273818501053,0.17421844679511447,-0.4215244136384078
2025-09-02 00:00:00,-1.3887015669696017,-1.4615822417600688,0.20230031885746552,-0.41884564904410976
2025-09-02 00:15:00,-1.3663017829304587,-1.418837101670032,0.23038219091981657,-0.4161668844498118
2025-09-02 00:30:00,-1.343901998891316,-1.3760919615799954,0.2584640629821676,-0.41348811985551376
2025-09-02 00:45:00,-1.321502214852173,-1.3333468214899589,0.2865459350445187,-0.4108093552612157
2025-09-02 01:00:00,-1.2991024308130303,-1.2906016813999222,0.3146278071068697,-0.4081305906669177
2025-09-02 01:15:00,-1.2767026467738873,-1.2478565413098857,0.3427096791692209,-0.4054518260726197
2025-09-02 01:30:00,-1.2543028627347448,-1.205111401219849,0.37079155123157187,-0.40277306147832165
2025-09-02 01:45:00,-1.2319030786956022,-1.1623662611298122,0.398873423293923,-0.40009429688402365
2025-09-02 02:00:00,-1.2095032946564592,-1.1196211210397757,0.42695529535627397,-0.3974155322897256
2025-09-02 02:15:00,-1.1871035106173167,-1.076875980949739,0.4550371674186251,-0.3947367676954276
2025-09-02 02:30:00,-1.1647037265781737,-1.034130840859702,0.4831190394809761,-0.3920580031011296
2025-09-02 02:45:00,-1.1423039425390311,-0.9913857007696657,0.5112009115433273,-0.38937923850683154
2025-09-02 03:00:00,-1.1199041584998881,-0.948640560679629,0.5392827836056782,-0.3867004739125335
2025-09-02 03:15:00,-1.0975043744607456,-0.9058954205895925,0.5673646556680293,-0.38402170931823554
2025-09-02 03:30:00,-1.0751045904216026,-0.8631502804995558,0.5954465277303804,-0.3813429447239375
2025-09-02 03:45:00,-1.0527048063824598,-0.8204051404095191,0.6235283997927314,-0.3786641801296394
2025-09-02 04:00:00,-1.0303050223433172,-0.7776600003194826,0.6516102718550826,-0.3759854155353415
2025-09-02 04:15:00,-1.0079052383041742,-0.7349148602294459,0.6796921439174335,-0.3733066509410434
2025-09-02 04:30:00,-0.9855054542650317,-0.6921697201394091,0.7077740159797846,-0.37062788634674537
2025-09-02 04:45:00,-0.9631056702258887,-0.6494245800493725,0.7358558880421356,-0.3679491217524474
2025-09-02 05:00:00,-0.9407058861867461,-0.6066794399593357,0.7639377601044868,-0.3652703571581494
2025-09-02 05:15:00,-0.9183061021476031,-0.5639342998692993,0.7920196321668379,-0.3625915925638513
2025-09-02 05:30:00,-0.8959063181084606,-0.5211891597792625,0.8201015042291889,-0.3599128279695533
2025-09-02 05:45:00,-0.8735065340693176,-0.4784440196892261,0.8481833762915401,-0.35723406337525526
2025-09-02 06:00:00,-0.851106750030175,-0.43569887959918935,0.876265248353891,-0.35455529878095726
2025-09-02 06:15:00,-0.8287069659910323,-0.3929537395091526,0.9043471204162421,-0.35187653418665926
2025-09-02 06:30:00,-0.8063071819518893,-0.35020859941911614,0.9324289924785932,-0.3491977695923612
2025-09-02 06:45:00,-0.7839073979127463,-0.30746345932907937,0.9605108645409443,-0.34651900499806315
2025-09-02 07:00:00,-0.7615076138736038,-0.2647183192390426,0.9885927366032954,-0.3438402404037652
2025-09-02 07:15:00,-0.7391078298344612,-0.2219731791490062,1.0166746086656464,-0.34116147580946715
2025-09-02 07:30:00,-0.7167080457953185,-0.17922803905896942,1.0447564807279974,-0.3384827112151691
2025-09-02 07:45:00,-0.6943082617561755,-0.13648289896893265,1.0728383527903484,-0.33580394662087115
2025-09-02 08:00:00,-0.6719084777170325,-0.09373775887889621,1.1009202248526995,-0.3331251820265731
2025-09-02 08:15:00,-0.64950869367789,-0.05099261878885944,1.1290020969150507,-0.33044641743227504
2025-09-02 08:30:00,-0.6271089096387474,-0.008247478698823005,1.1570839689774017,-0.32776765283797704
2025-09-02 08:45:00,-0.6047091255996044,0.03449766139121376,1.1851658410397528,-0.32508888824367904
2025-09-02 09:00:00,-0.5823093415604614,0.07724280148125053,1.2132477131021038,-0.322410123649381
2025-09-02 09:15:00,-0.5599095575213189,0.11998794157128696,1.2413295851644548,-0.319731359055083
2025-09-02 09:30:00,-0.5375097734821762,0.16273308166132375,1.269411457226806,-0.31705259446078493
2025-09-02 09:45:00,-0.5151099894430332,0.2054782217513605,1.297493329289157,-0.31437382986648693
2025-09-02 10:00:00,-0.49271020540389027,0.24822336184139693,1.325575201351508,-0.31169506527218893
2025-09-02 10:15:00,-0.4703104213647479,0.2909685019314337,1.353657073413859,-0.3090163006778909
2025-09-02 10:30:00,-0.44791063732560504,0.33371364202147014,1.3817389454762103,-0.3063375360835928
2025-09-02 10:45:00,-0.42551085328646227,0.3764587821115069,1.4098208175385614,-0.3036587714892949
2025-09-02 11:00:00,-0.4031110692473195,0.4192039222015437,1.4379026896009126,-0.3009800068949968
2025-09-02 11:15:00,-0.3807112852081767,0.4619490622915801,1.4659845616632634,-0.29830124230069877
2025-09-02 11:30:00,-0.3583115011690339,0.5046942023816169,1.4940664337256144,-0.2956224777064008
2025-09-02 11:45:00,-0.3359117171298911,0.5474393424716536,1.5221483057879657,-0.29294371311210277
2025-09-02 12:00:00,-0.3135119330907483,0.5901844825616901,1.5502301778503167,-0.2902649485178047
2025-09-02 12:15:00,-0.2911121490516055,0.6329296226517268,1.5783120499126675,-0.2875861839235067
2025-09-02 12:30:00,-0.2687123650124627,0.6756747627417633,1.6063939219750187,-0.2849074193292087
2025-09-02 12:45:00,-0.24631258097332012,0.7184199028318,1.6344757940373698,-0.28222865473491066
2025-09-02 13:00:00,-0.22391279693417734,0.7611650429218367,1.662557666099721,-0.27954989014061266
2025-09-02 13:15:00,-0.20151301289503454,0.8039101830118731,1.690639538162072,-0.2768711255463146
2025-09-02 13:30:00,-0.17911322885589176,0.8466553231019099,1.7187214102244228,-0.2741923609520166
2025-09-02 13:45:00,-0.15671344481674895,0.8894004631919463,1.746803282286774,-0.2715135963577186
2025-09-02 14:00:00,-0.13431366077760618,0.9321456032819835,1.774885154349125,-0.26883483176342055
2025-09-02 14:15:00,-0.11191387673846337,0.9748907433720199,1.8029670264114763,-0.2661560671691225
2025-09-02 14:30:00,-0.08951409269932058,1.0176358834620562,1.8310488984738273,-0.26347730257482455
2025-09-02 14:45:00,-0.06711430866017778,1.0603810235520934,1.8591307705361781,-0.2607985379805265
2025-09-02 15:00:00,-0.044714524621034986,1.10312616364213,1.8872126425985294,-0.25811977338622843
2025-09-02 15:15:00,-0.022314740581892402,1.1458713037321664,1.9152945146608804,-0.2554410087919305
2025-09-02 15:30:00,8.504345725039253e-05,1.1886164438222027,1.9433763867232317,-0.25276224419763244
2025-09-02 15:45:00,0.022484827496393186,1.2313615839122398,1.9714582587855827,-0.2500834796033344
2025-09-02 16:00:00,0.04488461153553598,1.2741067240022763,1.9995401308479335,-0.2474047150090364
2025-09-02 16:15:00,0.06728439557467877,1.3168518640923128,2.0276220029102845,-0.24472595041473835
2025-09-02 16:30:00,0.08968417961382157,1.3595970041823497,2.055703874972636,-0.24204718582044032
2025-09-02 16:45:00,0.11208396365296436,1.4023421442723862,2.083785747034987,-0.23936842122614232
2025-09-02 17:00:00,0.11208396365296436,1.4023421442723862,2.111867619097338,-0.23936842122614232
2025-09-02 17:15:00,0.062199377308678236,1.2202832354124753,2.1418218404994023,-0.8234796535750765
2025-09-02 17:30:00,-0.01008499307475068,0.9954791864625278,2.1717760619014665,-1.4102696505183085
2025-09-02 17:45:00,-0.0823693634581798,0.7706751375125807,2.2017302833035313,-1.9970596474615407
2025-09-02 18:00:00,-0.15465373384160894,0.5458710885626333,2.202876853034016,-2.583849644404773
2025-09-02 18:15:00,-0.42580403544861456,0.37104377339084865,2.202876853034016,-2.6096701704489447
2025-09-02 18:30:00,-0.6969543370556206,0.19621645821906408,2.1740692013624363,-2.635490696493117
2025-09-02 18:45:00,-0.9681046386626262,0.021389143047279503,2.1452615496908565,-2.6613112225372886
2025-09-02 19:00:00,-1.2392549402696318,-0.15343817212450506,2.116453898019277,-2.6613112225372886
2025-09-02 19:15:00,-1.3084201952389813,-0.2381334467842996,1.95404394909,-0.9550372891591994
2025-09-02 19:30:00,-1.377585450208331,-0.32282872144409414,1.7916340001607227,0.7770571702630613
2025-09-02 19:45:00,-1.4467507051776805,-0.4075239961038887,1.6292240512314453,2.509151629685322
2025-09-02 20:00:00,-1.51591596014703,-0.4922192707636832,1.4668141023021684,2.967684876367972
2025-09-02 20:15:00,-1.6231237262087894,-0.502105326615734,1.2840199277716515,2.967684876367972
2025-09-02 20:30:00,-1.7303314922705488,-0.5119913824677849,1.101225753241135,2.6111901569936617
2025-09-02 20:45:00,-1.8375392583323087,-0.5218774383198358,0.9184315787106184,1.7961621909367005
2025-09-02 21:00:00,-1.9447470243940683,-0.5317634941718866,0.7356374041801017,0.9811342248797397
2025-09-02 21:15:00,-2.1020725813357584,-0.6453468650786243,0.3964191370893054,0.7713215268691398
2025-09-02 21:30:00,-2.2593981382774477,-0.7589302359853619,0.057200869998509145,0.5615088288585398
2025-09-02 21:45:00,-2.4167236952191375,-0.8725136068920998,-0.2820173970922871,0.35169613084793977
2025-09-02 22:00:00,-2.4167236952191375,-0.9860969777988372,-0.6212356641830836,0.14188343283733976
2025-09-02 22:15:00,-2.3688387236781967,-1.0268734391845968,-0.8310204466981949,-0.09806749710226427
2025-09-02 22:30:00,-2.163628195195565,-1.0676499005703561,-1.040805229213306,-0.3380184270418683
2025-09-02 22:45:00,-1.9584176667129336,-1.1084263619561152,-1.2505900117284174,-0.5779693569814723
2025-09-02 23:00:00,-1.7532071382303025,-1.1266783592218041,-1.4150411791503112,-0.7960765001612409
2025-09-02 23:15:00,-1.684033120968942,-1.1266783592218041,-1.4150411791503112,-0.7960765001612409
2025-09-02 23:30:00,-1.614859103707582,-1.1041538951017333,-1.369707564057094,-0.7742327134014053
2025-09-02 23:45:00,-1.5456850864462213,-1.081629430981663,-1.3243739489638766,-0.7523889266415699
2025-09-03 00:00:00,-1.476511069184861,-1.0591049668615924,-1.2790403338706593,-0.7305451398817343
2025-09-03 00:15:00,-1.4073370519235004,-1.0365805027415216,-1.233706718777442,-0.7087013531218987
2025-09-03 00:30:00,-1.3381630346621405,-1.0140560386214508,-1.1883731036842247,-0.6868575663620632
2025-09-03 00:45:00,-1.2689890174007799,-0.9915315745013803,-1.1430394885910071,-0.6650137796022277
2025-09-03 01:00:00,-1.1998150001394197,-0.9690071103813097,-1.0977058734977898,-0.6431699928423922
2025-09-03 01:15:00,-1.130640982878059,-0.946482646261239,-1.0523722584045725,-0.6213262060825567
2025-09-03 01:30:00,-1.061466965616699,-0.9239581821411683,-1.0070386433113552,-0.5994824193227212
2025-09-03 01:45:00,-0.9922929483553384,-0.901433718021098,-0.9617050282181377,-0.5776386325628857
2025-09-03 02:00:00,-0.9231189310939782,-0.8789092539010271,-0.9163714131249204,-0.55579484580305
2025-09-03 02:15:00,-0.8539449138326177,-0.8563847897809564,-0.8710377980317031,-0.5339510590432146
2025-09-03 02:30:00,-0.7847708965712571,-0.8338603256608857,-0.8257041829384857,-0.5121072722833792
2025-09-03 02:45:00,-0.715596879309897,-0.8113358615408154,-0.7803705678452684,-0.49026348552354365
2025-09-03 03:00:00,-0.6464228620485368,-0.7888113974207446,-0.735036952752051,-0.46841969876370815
2025-09-03 03:15:00,-0.5772488447871762,-0.7662869333006739,-0.6897033376588336,-0.4465759120038726
2025-09-03 03:30:00,-0.5080748275258157,-0.7437624691806033,-0.6443697225656163,-0.4247321252440371
2025-09-03 03:45:00,-0.43890081026445554,-0.7212380050605326,-0.599036107472399,-0.4028883384842016
2025-09-03 04:00:00,-0.3697267930030952,-0.698713540940462,-0.5537024923791816,-0.3810445517243661
2025-09-03 04:15:00,-0.30055277574173483,-0.6761890768203913,-0.5083688772859642,-0.3592007649645305
2025-09-03 04:30:00,-0.23137875848037426,-0.6536646127003207,-0.4630352621927469,-0.337356978204695
2025-09-03 04:45:00,-0.1622047412190139,-0.6311401485802501,-0.41770164709952956,-0.31551319144485956
2025-09-03 05:00:00,-0.09303072395765354,-0.6086156844601794,-0.3723680320063122,-0.29366940468502406
2025-09-03 05:15:00,-0.023856706696293174,-0.5860912203401089,-0.32703441691309476,-0.2718256179251885
2025-09-03 05:30:00,0.04531731056506719,-0.5635667562200382,-0.28170080181987744,-0.2499818311653529
2025-09-03 05:45:00,0.11449132782642754,-0.5410422920999676,-0.23636718672666007,-0.2281380444055174
2025-09-03 06:00:00,0.1836653450877879,-0.5185178279798969,-0.19103357163344273,-0.20629425764568193
2025-09-03 06:15:00,0.25283936234914806,-0.4959933638598263,-0.14569995654022536,-0.18445047088584643
2025-09-03 06:30:00,0.32201337961050863,-0.47346889973975564,-0.10036634144700801,-0.16260668412601093
2025-09-03 06:45:00,0.3911873968718692,-0.450944435619685,-0.055032726353790654,-0.14076289736617542
2025-09-03 07:00:00,0.46036141413322934,-0.42841997149961436,-0.009699111260573299,-0.1189191106063399
2025-09-03 07:15:00,0.5295354313945899,-0.4058955073795437,0.035634503832644056,-0.09707532384650441
2025-09-03 07:30:00,0.5987094486559501,-0.38337104325947297,0.08096811892586141,-0.07523153708666878
2025-09-03 07:45:00,0.6678834659173106,-0.36084657913940243,0.12630173401907877,-0.05338775032683329
2025-09-03 08:00:00,0.7370574831786708,-0.3383221150193317,0.17163534911229614,-0.03154396356699779
2025-09-03 08:15:00,0.8062315004400313,-0.31579765089926115,0.21696896420551348,-0.009700176807162288
2025-09-03 08:30:00,0.8754055177013915,-0.2932731867791904,0.26230257929873085,0.01214360995267321
2025-09-03 08:45:00,0.944579534962752,-0.27074872265911987,0.30763619439194817,0.03398739671250871
2025-09-03 09:00:00,1.0137535522241121,-0.24822425853904911,0.3529698094851655,0.05583118347234421
2025-09-03 09:15:00,1.0829275694854728,-0.22569979441897856,0.39830342457838286,0.07767497023217983
2025-09-03 09:30:00,1.152101586746833,-0.20317533029890783,0.44363703967160023,0.09951875699201533
2025-09-03 09:45:00,1.2212756040081936,-0.18065086617883727,0.4889706547648176,0.12136254375185083
2025-09-03 10:00:00,1.2212756040081936,-0.18065086617883727,0.5343042698580348,0.12136254375185083
2025-09-03 10:15:00,1.0720627910031644,-0.23856911444943155,0.5461186974051032,0.08909180923022006
2025-09-03 10:30:00,1.0720627910031644,-0.263188335428711,0.5461186974051032,0.01257837791898066
2025-09-03 10:45:00,1.139661553767602,-0.23856911444943155,0.6392536374542981,0.01257837791898066
2025-09-03 11:00:00,1.139661553767602,-0.2317858047000811,0.6392536374542981,0.01257837791898066
2025-09-03 11:15:00,0.6365294153037537,-0.2317858047000811,1.1176289609016132,-0.01073559150926671
2025-09-03 11:30:00,0.13339727683990524,-0.2395569353428408,1.5960042843489282,-0.034049560937514066
2025-09-03 11:45:00,0.13339727683990524,-0.24732806598560056,1.5960042843489282,-0.034049560937514066
2025-09-03 12:00:00,1.0358449800733096,-0.4426787855871464,0.6124291967802441,0.01257837791898066
2025-09-03 12:15:00,1.0358449800733096,-0.449759485529795,0.6124291967802441,0.08909180923022006
2025-09-03 12:30:00,0.7346645745909092,-0.5101781714048691,0.7162522750776928,0.15126264734310024
2025-09-03 12:45:00,0.43348416910850873,-0.5705968572799431,0.8273821538610403,0.2899469167672198
2025-09-03 13:00:00,0.13230376362610816,-0.6310155431550172,0.938512032644388,0.42863118619133933
2025-09-03 13:15:00,0.13230376362610816,-0.6310155431550172,0.938512032644388,0.42863118619133933
2025-09-03 13:30:00,0.654213476315167,-0.6040992317543996,0.5511633919113627,0.10960796985169277
2025-09-03 13:45:00,0.7560666168064097,-0.6040992317543996,0.4999630450926845,-0.03221944214056576
2025-09-03 14:00:00,0.654213476315167,-0.6550166873140878,0.469144896096802,-0.03221944214056576
2025-09-03 14:15:00,0.04257839278170513,-0.8121544044626698,0.3074904025125486,-0.06105135744936571
2025-09-03 14:30:00,-0.6709098312429996,-0.969292121611252,0.14583590892829523,-0.08988327275816564
2025-09-03 14:45:00,-1.384398055267704,-1.1264298387598342,-0.015818584655958097,-0.11871518806696559
2025-09-03 15:00:00,-2.0978862792924087,-1.2835675559084163,-0.17747307824021152,-0.14754710337576551
2025-09-03 15:15:00,-2.0978862792924087,-1.2835675559084163,-0.17747307824021152,-0.17637901868456551
2025-09-03 15:30:00,0.7311258991091537,-0.6460429054624726,0.002258085991470099,-0.2617596089189609
2025-09-03 15:45:00,0.772122281946268,-0.6290974391041174,0.16507553301481118,-0.33827291307487706
2025-09-03 16:00:00,0.772122281946268,-0.4497315481138927,0.17751424915599762,-0.5451358858454164
2025-09-03 16:15:00,0.8131186647833823,-0.27036565712366817,0.35277041232052514,-0.7519988586159557
2025-09-03 16:30:00,0.8541150476204966,-0.09099976613344353,0.5280265754850526,-0.9588618313864951
2025-09-03 16:45:00,0.8951114304576109,0.088366124856781,0.7032827386495801,-1.1657248041570343
2025-09-03 17:00:00,0.9361078132947253,0.26773201584700557,0.8785389018141078,-1.3725877769275738
2025-09-03 17:15:00,0.9771041961318396,0.44709790683723033,1.0537950649786352,-1.5794507496981132
2025-09-03 17:30:00,1.0181005789689537,0.6264637978274549,1.2290512281431627,-1.7863137224686523
2025-09-03 17:45:00,1.0590969618060682,0.8058296888176796,1.4043073913076902,-1.9931766952391918
2025-09-03 18:00:00,1.1000933446431824,0.985195579807904,1.5795635544722177,-2.200039668009731
2025-09-03 18:15:00,1.1410897274802967,1.1645614707981284,1.7548197176367453,-2.4069026407802703
2025-09-03 18:30:00,1.182086110317411,1.3439273617883531,1.9300758808012728,-2.6137656135508096
2025-09-03 18:45:00,1.2230824931545254,1.5232932527785779,2.1053320439658,-2.8206285863213494
2025-09-03 19:00:00,1.2230824931545254,1.529215507664979,2.280588207130328,-2.8206285863213494
2025-09-03 19:15:00,0.9856072600310294,1.529215507664979,2.2913091928745057,-2.4987897925114284
2025-09-03 19:30:00,0.7071356440704192,1.355771871561156,2.302030178618683,-1.9700880259309677
2025-09-03 19:45:00,0.42866402810980897,1.1823282354573328,2.312751164362861,-1.4413862593505076
2025-09-03 20:00:00,0.15019241214919862,1.0088845993535098,2.312751164362861,-0.9126844927700473
2025-09-03 20:15:00,-0.12416147106456689,0.90570711909944,2.218671354343023,-0.5844787120166013
2025-09-03 20:30:00,-0.3985153542783326,0.8025296388453702,2.113870558579007,-0.2562729312631554
2025-09-03 20:45:00,-0.6728692374920981,0.6993521585913003,2.009069762814991,0.07193284949029069
2025-09-03 21:00:00,-0.9472231207058636,0.5961746783372305,1.904268967050975,0.4001386302437364
2025-09-03 21:15:00,-1.0196898279227287,0.5920127972369477,1.7705886618712894,0.8320090268863205
2025-09-03 21:30:00,-1.092156535139593,0.5878509161366646,1.6369083566916036,1.2638794235289041
2025-09-03 21:45:00,-1.164623242356458,0.5836890350363817,1.5032280515119176,1.6957498201714882
2025-09-03 22:00:00,-1.237089949573323,0.5836890350363817,1.3695477463322319,1.9940255200676393
2025-09-03 22:15:00,-1.3588527433894306,0.5995554035582152,1.1608250233660833,1.9940255200676393
2025-09-03 22:30:00,-1.4806155372055378,0.6195836531803317,0.9521023003999346,1.8604308233212068
2025-09-03 22:45:00,-1.6023783310216453,0.6396119028024482,0.7433795774337859,1.726836126574774
2025-09-03 23:00:00,-1.7241411248377525,0.6396119028024482,0.5346568544676371,1.5932414298283413
2025-09-03 23:15:00,-1.8517873343408906,0.6053193317188148,0.17532824753609558,1.4649997288387238
2025-09-03 23:30:00,-1.9794335438440285,0.5509985110130652,-0.184000359395446,1.3367580278491065
2025-09-03 23:45:00,-2.1070797533471666,0.4966776903073156,-0.5433289663269877,1.208516326859489
2025-09-04 00:00:00,-2.1309567383645382,0.44235686960156584,-0.9026575732585292,1.0802746258698717
2025-09-04 00:15:00,-2.1309567383645382,0.33244519388064664,-1.101268507672598,0.6137118855519988
2025-09-04 00:30:00,-2.0271875138787725,0.22253351815972738,-1.2998794420866666,0.1471491452341261
2025-09-04 00:45:00,-1.9234182893930067,0.11262184243880805,-1.4984903765007356,-0.31941359508374684
2025-09-04 01:00:00,-1.8196490649072405,0.002710166717888795,-1.6971013109148043,-0.7859763354016197
2025-09-04 01:15:00,-1.6380010947870418,-0.2067697356908209,-1.7622173958418264,-1.0333511083066502
2025-09-04 01:30:00,-1.4563531246668435,-0.4162496380995306,-1.8273334807688486,-1.280725881211681
2025-09-04 01:45:00,-1.2747051545466452,-0.6257295405082403,-1.8924495656958709,-1.5281006541167115
2025-09-04 02:00:00,-1.0930571844264465,-0.8149866956967959,-1.9106467241920446,-1.744477506165281
2025-09-04 02:15:00,-1.0739875782361,-0.8149866956967959,-1.9106467241920446,-1.744477506165281
2025-09-04 02:30:00,-1.054917972045753,-0.7947639484766423,-1.8637277977611961,-1.71347958530882
2025-09-04 02:45:00,-1.0358483658554065,-0.7745412012564883,-1.8168088713303479,-1.6824816644523588
2025-09-04 03:00:00,-1.0167787596650595,-0.7543184540363345,-1.7698899448994994,-1.6514837435958973
2025-09-04 03:15:00,-0.9977091534747129,-0.7340957068161805,-1.722971018468651,-1.6204858227394363
2025-09-04 03:30:00,-0.9786395472843659,-0.7138729595960266,-1.6760520920378028,-1.589487901882975
2025-09-04 03:45:00,-0.9595699410940193,-0.6936502123758727,-1.629133165606954,-1.5584899810265138
2025-09-04 04:00:00,-0.9405003349036722,-0.6734274651557188,-1.5822142391761058,-1.5274920601700528
2025-09-04 04:15:00,-0.9214307287133258,-0.6532047179355649,-1.5352953127452575,-1.4964941393135913
2025-09-04 04:30:00,-0.9023611225229787,-0.6329819707154111,-1.488376386314409,-1.46549621845713
2025-09-04 04:45:00,-0.8832915163326321,-0.612759223495257,-1.4414574598835608,-1.434498297600669
2025-09-04 05:00:00,-0.8642219101422851,-0.5925364762751032,-1.3945385334527125,-1.4035003767442078
2025-09-04 05:15:00,-0.8451523039519385,-0.5723137290549494,-1.347619607021864,-1.3725024558877466
2025-09-04 05:30:00,-0.8260826977615916,-0.5520909818347953,-1.3007006805910157,-1.3415045350312855
2025-09-04 05:45:00,-0.807013091571245,-0.5318682346146415,-1.253781754160167,-1.3105066141748243
2025-09-04 06:00:00,-0.787943485380898,-0.5116454873944877,-1.2068628277293187,-1.2795086933183628
2025-09-04 06:15:00,-0.7688738791905514,-0.4914227401743337,-1.1599439012984705,-1.2485107724619018
2025-09-04 06:30:00,-0.7498042730002045,-0.47119999295417986,-1.1130249748676222,-1.2175128516054405
2025-09-04 06:45:00,-0.7307346668098579,-0.4509772457340259,-1.0661060484367737,-1.1865149307489793
2025-09-04 07:00:00,-0.7116650606195108,-0.4307544985138721,-1.0191871220059252,-1.1555170098925178
2025-09-04 07:15:00,-0.6925954544291643,-0.41053175129371816,-0.9722681955750768,-1.1245190890360568
2025-09-04 07:30:00,-0.6735258482388172,-0.3903090040735642,-0.9253492691442285,-1.0935211681795955
2025-09-04 07:45:00,-0.6544562420484706,-0.3700862568534104,-0.8784303427133802,-1.0625232473231345
2025-09-04 08:00:00,-0.6353866358581237,-0.34986350963325646,-0.8315114162825318,-1.0315253264666733
2025-09-04 08:15:00,-0.6163170296677771,-0.32964076241310253,-0.7845924898516833,-1.000527405610212
2025-09-04 08:30:00,-0.5972474234774301,-0.3094180151929487,-0.737673563420835,-0.9695294847537508
2025-09-04 08:45:00,-0.5781778172870835,-0.28919526797279477,-0.6907546369899866,-0.9385315638972896
2025-09-04 09:00:00,-0.5591082110967366,-0.26897252075264083,-0.6438357105591382,-0.9075336430408284
2025-09-04 09:15:00,-0.54003860490639,-0.248749773532487,-0.5969167841282897,-0.8765357221843671
2025-09-04 09:30:00,-0.520968998716043,-0.22852702631233307,-0.5499978576974415,-0.845537801327906
2025-09-04 09:45:00,-0.5018993925256964,-0.20830427909217913,-0.503078931266593,-0.8145398804714448
2025-09-04 10:00:00,-0.4828297863353494,-0.1880815318720253,-0.45616000483574465,-0.7835419596149835
2025-09-04 10:15:00,-0.4637601801450028,-0.16785878465187137,-0.4092410784048964,-0.7525440387585224
2025-09-04 10:30:00,-0.44469057395465583,-0.14763603743171744,-0.3623221519740478,-0.721546117902061
2025-09-04 10:45:00,-0.42562096776430924,-0.1274132902115636,-0.3154032255431995,-0.6905481970455999
2025-09-04 11:00:00,-0.4065513615739622,-0.10719054299140969,-0.2684842991123512,-0.6595502761891388
2025-09-04 11:15:00,-0.3874817553836157,-0.08696779577125575,-0.22156537268150267,-0.6285523553326775
2025-09-04 11:30:00,-0.36841214919326865,-0.06674504855110183,-0.1746464462506544,-0.5975544344762164
2025-09-04 11:45:00,-0.34934254300292206,-0.04652230133094799,-0.12772751981980582,-0.5665565136197549
2025-09-04 12:00:00,-0.3302729368125751,-0.02629955411079415,-0.08080859338895756,-0.5355585927632939
2025-09-04 12:15:00,-0.3112033306222285,-0.00607680689064014,-0.03388966695810928,-0.5045606719068326
2025-09-04 12:30:00,-0.29213372443188174,0.014145940329513702,0.013029259472739287,-0.4735627510503715
2025-09-04 12:45:00,-0.2730641182415349,0.03436868754966754,0.05994818590358756,-0.44256483019391035
2025-09-04 13:00:00,-0.2539945120511881,0.054591434769821555,0.10686711233443583,-0.41156690933744916
2025-09-04 13:15:00,-0.23492490586084136,0.07481418198997539,0.1537860387652844,-0.38056898848098775
2025-09-04 13:30:00,-0.21585529967049455,0.09503692921012924,0.20070496519613268,-0.34957106762452655
2025-09-04 13:45:00,-0.19678569348014777,0.11525967643028324,0.24762389162698095,-0.3185731467680654
2025-09-04 14:00:00,-0.17771608728980098,0.13548242365043708,0.2945428180578295,-0.2875752259116042
2025-09-04 14:15:00,-0.1586464810994542,0.15570517087059094,0.3414617444886778,-0.25657730505514303
2025-09-04 14:30:00,-0.13957687490910742,0.17592791809074493,0.3883806709195263,-0.2255793841986819
2025-09-04 14:45:00,-0.12050726871876062,0.19615066531089878,0.4352995973503746,-0.19458146334222048
2025-09-04 15:00:00,-0.10143766252841382,0.21637341253105263,0.4822185237812229,-0.1635835424857593
2025-09-04 15:15:00,-0.08236805633806704,0.23659615975120663,0.5291374502120715,-0.13258562162929813
2025-09-04 15:30:00,-0.06329845014772026,0.25681890697136045,0.5760563766429198,-0.10158770077283695
2025-09-04 15:45:00,-0.04422884395737347,0.27704165419151433,0.622975303073768,-0.07058977991637577
2025-09-04 16:00:00,-0.02515923776702668,0.2972644014116683,0.6698942295046165,-0.0395918590599146
2025-09-04 16:15:00,-0.006089631576679891,0.31748714863182215,0.7168131559354651,-0.008593938203453189
2025-09-04 16:30:00,0.012979974613666897,0.337709895851976,0.7637320823663134,0.02240398265300798
2025-09-04 16:45:00,0.03204958080401368,0.35793264307213,0.8106510087971617,0.053401903509469155
2025-09-04 17:00:00,0.05111918699436047,0.37815539029228395,0.85756993522801,0.08439982436593033
2025-09-04 17:15:00,0.07018879318470726,0.3983781375124376,0.9044888616588582,0.11539774522239149
2025-09-04 17:30:00,0.08925839937505405,0.4186008847325916,0.951407788089707,0.14639566607885265
2025-09-04 17:45:00,0.10832800556540084,0.4186008847325916,0.951407788089707,0.14639566607885265
2025-09-04 18:00:00,0.47366880297624586,0.15162049948292175,0.5330743428148429,-0.07725646854794127
2025-09-04 18:15:00,0.47366880297624586,0.15162049948292175,0.4946700467334509,-0.07725646854794127
2025-09-04 18:30:00,0.3191501131101672,0.24152753137030722,0.4562657506520589,-0.06817910082917371
2025-09-04 18:45:00,0.16463142324408842,0.33143456325769266,0.41786145457066687,-0.05910173311040618
2025-09-04 19:00:00,0.01011273337800958,0.4213415951450781,0.3794571584892749,-0.05002436539163864
2025-09-04 19:15:00,-0.11794348664745649,0.5112486270324637,0.3410528624078829,-0.0409469976728711
2025-09-04 19:30:00,-0.11794348664745649,0.5279733378249201,0.17277187741676894,-0.03082624072650073
2025-09-04 19:45:00,-0.09148101680684395,0.5446980486173766,0.004490892425654975,-0.02070548378013036
2025-09-04 20:00:00,-0.06501854696623163,0.5614227594098332,-0.163790092565459,-0.010584726833759975
2025-09-04 20:15:00,-0.038556077125619086,0.5781474702022896,-0.332071077556573,-0.00046396988738962175
2025-09-04 20:30:00,-0.012093607285006549,0.5781474702022896,-0.332071077556573,-0.00046396988738962175
2025-09-04 20:45:00,0.6211414286023983,-0.22318679504019057,-0.2577266821291916,-0.42394505731132065
2025-09-04 21:00:00,0.6211414286023983,-0.22318679504019057,-0.2577266821291916,-0.4700854271196441
2025-09-04 21:15:00,0.2754815404947097,-0.1579499346768816,-0.5466557612171294,-0.5162257969279676
2025-09-04 21:30:00,-0.07017834761297895,-0.0927130743135726,-0.8355848403050672,-0.5623661667362909
2025-09-04 21:45:00,-0.07017834761297895,-0.0927130743135726,-0.8355848403050672,-0.5623661667362909
2025-09-04 22:00:00,0.7741717478215228,-0.27959856915150877,-0.23756257042207082,0.2105607945870751
2025-09-04 22:15:00,0.7741717478215228,-0.27959856915150877,-0.09643165661524425,0.2105607945870751
2025-09-04 22:30:00,0.5311907499217197,0.32838436731219756,0.5521065162541962,0.1841577751228687
2025-09-04 22:45:00,0.11220159010211155,0.9363673037759039,1.2006446891236366,0.15775475565866226
2025-09-04 23:00:00,0.04936720887941487,0.9363673037759039,1.2006446891236366,0.15775475565866226
2025-09-04 23:15:00,0.04936720887941487,0.3856998062468971,0.6343802611070222,0.23101443278998562
2025-09-04 23:30:00,0.40552198747632634,-0.7496580097041792,-0.11775227774098627,0.23101443278998562
2025-09-04 23:45:00,0.40552198747632634,-0.7496580097041792,-0.11775227774098627,0.3306771293855154
2025-09-05 00:00:00,-0.5464691003120441,1.5293257739383002,0.9842704965013198,2.376859130603556
2025-09-05 00:15:00,-0.6767280027083965,1.6089866039018181,0.9842704965013198,2.376859130603556
2025-09-05 00:30:00,-0.8069869051047489,1.688647433865336,0.7449442388123663,1.935081490533216
2025-09-05 00:45:00,-0.9372458075011012,1.7683082638288534,0.5056179811234126,1.4933038504628764
2025-09-05 01:00:00,-0.941881570841019,1.7683082638288534,0.26629172343445906,1.0515262103925362
2025-09-05 01:15:00,-0.941881570841019,1.7639991326800142,-0.11836291171735362,1.0293739663433965
2025-09-05 01:30:00,-0.8162584317845842,1.680029171567657,-0.5030175468691663,1.0072217222942565
2025-09-05 01:45:00,-0.6906352927281496,1.5960592104553,-0.8876721820209791,0.9850694782451166
2025-09-05 02:00:00,-0.6906352927281496,1.5120892493429428,-1.2723268171727917,0.9629172341959767
2025-09-05 02:15:00,-0.7245270329304894,1.392727388385646,-1.398706580580921,0.6451222144114066
2025-09-05 02:30:00,-0.8840419121892639,1.2733655274283493,-1.52508634398905,0.32732719462683646
2025-09-05 02:45:00,-1.043556791448038,1.1540036664710522,-1.6514661073971795,0.009532174842266393
2025-09-05 03:00:00,-1.0973155290094003,1.0346418055137556,-1.7778458708053086,-0.3082628449423038
2025-09-05 03:15:00,-1.0973155290094003,0.735626755978969,-1.8257300023899172,-0.7526734749433593
2025-09-05 03:30:00,-0.9915593873119889,0.43661170644418246,-1.8736141339745263,-1.197084104944415
2025-09-05 03:45:00,-0.8858032456145769,0.13759665690939582,-1.9214982655591348,-1.6414947349454707
2025-09-05 04:00:00,-0.8346956385197234,-0.1614183926253907,-1.9214982655591348,-1.6414947349454707
2025-09-05 04:15:00,-0.8346956385197234,-0.36352120129226123,-1.8992929903495912,-1.6222707135641343
2025-09-05 04:30:00,-0.889344173122282,-0.5656240099591318,-1.829203583555439,-1.1586360621817424
2025-09-05 04:45:00,-0.9439927077248409,-0.7677268186260026,-1.7591141767612866,-0.6950014107993504
2025-09-05 05:00:00,-0.9621010566941287,-0.9411675597648391,-1.6890247699671346,-0.2356442726149163
2025-09-05 05:15:00,-0.9621010566941287,-0.9411675597648391,-1.666688269008066,-0.2356442726149163
2025-09-05 05:30:00,-0.9255608710608576,-0.9125054922368053,-1.6443517680489976,-0.23992178581287407
2025-09-05 05:45:00,-0.8890206854275868,-0.8838434247087715,-1.6220152670899295,-0.24419929901083187
2025-09-05 06:00:00,-0.8524804997943157,-0.8551813571807378,-1.5996787661308611,-0.24847681220878964
2025-09-05 06:15:00,-0.815940314161045,-0.826519289652704,-1.5773422651717925,-0.2527543254067474
2025-09-05 06:30:00,-0.7794001285277738,-0.7978572221246704,-1.5550057642127242,-0.2570318386047052
2025-09-05 06:45:00,-0.7428599428945032,-0.7691951545966366,-1.5326692632536556,-0.26130935180266296
2025-09-05 07:00:00,-0.706319757261232,-0.7405330870686028,-1.5103327622945875,-0.2655868650006207
2025-09-05 07:15:00,-0.6697795716279613,-0.711871019540569,-1.487996261335519,-0.26986437819857845
2025-09-05 07:30:00,-0.6332393859946902,-0.6832089520125352,-1.4656597603764507,-0.2741418913965362
2025-09-05 07:45:00,-0.5966992003614194,-0.6545468844845014,-1.4433232594173822,-0.278419404594494
2025-09-05 08:00:00,-0.5601590147281487,-0.6258848169564676,-1.420986758458314,-0.28269691779245176
2025-09-05 08:15:00,-0.5236188290948776,-0.5972227494284339,-1.3986502574992457,-0.28697443099040953
2025-09-05 08:30:00,-0.48707864346160645,-0.5685606819004001,-1.376313756540177,-0.2912519441883673
2025-09-05 08:45:00,-0.45053845782833574,-0.5398986143723662,-1.3539772555811087,-0.2955294573863251
2025-09-05 09:00:00,-0.4139982721950648,-0.5112365468443325,-1.3316407546220403,-0.29980697058428285
2025-09-05 09:15:00,-0.37745808656179386,-0.4825744793162987,-1.3093042536629722,-0.3040844837822406
2025-09-05 09:30:00,-0.34091790092852314,-0.45391241178826486,-1.2869677527039036,-0.3083619969801984
2025-09-05 09:45:00,-0.30437771529525204,-0.4252503442602312,-1.2646312517448353,-0.31263951017815617
2025-09-05 10:00:00,-0.26783752966198127,-0.3965882767321973,-1.2422947507857667,-0.31691702337611394
2025-09-05 10:15:00,-0.23129734402871016,-0.3679262092041636,-1.2199582498266985,-0.3211945365740717
2025-09-05 10:30:00,-0.19475715839543944,-0.3392641416761298,-1.1976217488676302,-0.32547204977202954
2025-09-05 10:45:00,-0.1582169727621685,-0.310602074148096,-1.1752852479085618,-0.3297495629699873
2025-09-05 11:00:00,-0.12167678712889758,-0.28194000662006224,-1.1529487469494932,-0.3340270761679451
2025-09-05 11:15:00,-0.08513660149562666,-0.25327793909202845,-1.1306122459904249,-0.3383045893659028
2025-09-05 11:30:00,-0.048596415862355725,-0.2246158715639947,-1.1082757450313565,-0.34258210256386057
2025-09-05 11:45:00,-0.012056230229084794,-0.19595380403596097,-1.0859392440722881,-0.34685961576181834
2025-09-05 12:00:00,0.024483955404186134,-0.16729173650792714,-1.0636027431132198,-0.3511371289597761
2025-09-05 12:15:00,0.06102414103745706,-0.13862966897989334,-1.0412662421541514,-0.3554146421577339
2025-09-05 12:30:00,0.097564326670728,-0.10996760145185952,-1.0189297411950833,-0.35969215535569166
2025-09-05 12:45:00,0.13410451230399892,-0.08130553392382571,-0.9965932402360146,-0.36396966855364943
2025-09-05 13:00:00,0.17064469793726986,-0.052643466395792066,-0.9742567392769463,-0.3682471817516072
2025-09-05 13:15:00,0.20718488357054057,-0.023981398867758248,-0.9519202383178779,-0.37252469494956497
2025-09-05 13:30:00,0.24372506920381148,0.004680668660275566,-0.9295837373588096,-0.3768022081475227
2025-09-05 13:45:00,0.2802652548370824,0.03334273618830938,-0.9072472363997411,-0.38107972134548046
2025-09-05 14:00:00,0.31680544047035336,0.0620048037163432,-0.8849107354406727,-0.38535723454343823
2025-09-05 14:15:00,0.3533456261036243,0.09066687124437685,-0.8625742344816044,-0.389634747741396
2025-09-05 14:30:00,0.3898858117368952,0.11932893877241066,-0.840237733522536,-0.3939122609393538
2025-09-05 14:45:00,0.4264259973701661,0.14799100630044448,-0.8179012325634676,-0.39818977413731155
2025-09-05 15:00:00,0.46296618300343706,0.17665307382847828,-0.7955647316043992,-0.4024672873352693
2025-09-05 15:15:00,0.499506368636708,0.2053151413565121,-0.7732282306453309,-0.4067448005332271
2025-09-05 15:30:00,0.5360465542699789,0.23397720888454576,-0.7508917296862624,-0.41102231373118486
2025-09-05 15:45:00,0.5725867399032498,0.26263927641257956,-0.728555228727194,-0.41529982692914263
2025-09-05 16:00:00,0.6091269255365208,0.29130134394061336,-0.7062187277681257,-0.4195773401271004
2025-09-05 16:15:00,0.6456671111697915,0.3199634114686472,-0.6838822268090572,-0.4238548533250582
2025-09-05 16:30:00,0.6822072968030625,0.348625478996681,-0.6615457258499889,-0.42813236652301595
2025-09-05 16:45:00,0.7187474824363334,0.37728754652471475,-0.6392092248909205,-0.4324098797209737
2025-09-05 17:00:00,0.7552876680696042,0.40594961405274854,-0.6168727239318522,-0.4366873929189315
2025-09-05 17:15:00,0.7918278537028752,0.4346116815807824,-0.5945362229727837,-0.4409649061168893
2025-09-05 17:30:00,0.8283680393361461,0.4632737491088162,-0.5721997220137153,-0.4452424193148471
2025-09-05 17:45:00,0.8649082249694171,0.49193581663685,-0.549863221054647,-0.44951993251280487
2025-09-05 18:00:00,0.901448410602688,0.5205978841648835,-0.5275267200955785,-0.45379744571076264
2025-09-05 18:15:00,0.9379885962359588,0.5492599516929176,-0.5051902191365103,-0.4580749589087204
2025-09-05 18:30:00,0.9745287818692299,0.5779220192209511,-0.4828537181774418,-0.4623524721066782
2025-09-05 18:45:00,1.0110689675025006,0.6065840867489849,-0.4605172172183735,-0.46662998530463595
2025-09-05 19:00:00,1.0476091531357716,0.6352461542770187,-0.43818071625930505,-0.4709074985025937
2025-09-05 19:15:00,1.0841493387690424,0.6639082218050526,-0.41584421530023663,-0.47518501170055144
2025-09-05 19:30:00,1.1206895244023136,0.6925702893330864,-0.3935077143411683,-0.4794625248985092
2025-09-05 19:45:00,1.1572297100355844,0.7212323568611202,-0.3711712133820999,-0.48374003809646693
2025-09-05 20:00:00,1.1937698956688554,0.749894424389154,-0.3488347124230316,-0.4880175512944248
2025-09-05 20:15:00,1.2303100813021262,0.7785564919171877,-0.3264982114639631,-0.4922950644923825
2025-09-05 20:30:00,1.2668502669353974,0.8072185594452216,-0.30416171050489466,-0.49657257769034036
2025-09-05 20:45:00,1.303390452568668,0.8358806269732554,-0.2818252095458262,-0.500850090888298
2025-09-05 21:00:00,1.3399306382019391,0.8645426945012888,-0.25948870858675804,-0.5051276040862558
2025-09-05 21:15:00,1.37647082383521,0.8932047620293226,-0.2371522076276896,-0.5094051172842136
2025-09-05 21:30:00,1.4130110094684805,0.9218668295573564,-0.21481570666862115,-0.5136826304821714
2025-09-05 21:45:00,1.4495511951017517,0.9505288970853902,-0.1924792057095527,-0.5179601436801291
2025-09-05 22:00:00,1.4860913807350224,0.9791909646134241,-0.17014270475048457,-0.5222376568780869
2025-09-05 22:15:00,1.5226315663682937,1.0078530321414578,-0.14780620379141612,-0.5265151700760446
2025-09-05 22:30:00,1.5591717520015642,1.0365150996694916,-0.12546970283234768,-0.5307926832740024
2025-09-05 22:45:00,1.5957119376348354,1.0651771671975256,-0.10313320187327922,-0.5350701964719602
2025-09-05 23:00:00,1.6322521232681062,1.0938392347255594,-0.08079670091421078,-0.539347709669918
2025-09-05 23:15:00,1.6687923089013772,1.1225013022535928,-0.05846019995514263,-0.5436252228678757
2025-09-05 23:30:00,1.705332494534648,1.1511633697816266,-0.036123698996074184,-0.5479027360658335
2025-09-05 23:45:00,1.7418726801679192,1.1798254373096604,-0.036123698996074184,-0.5479027360658335
2025-09-06 00:00:00,1.786159784331066,1.4431495548432791,-0.31064829650279335,-0.3413799413389003
2025-09-06 00:15:00,1.8304468884942124,1.7064736723768976,-0.6075093949685809,-0.13057963341400927
2025-09-06 00:30:00,1.8747339926573592,1.9697977899105161,-0.9043704934343686,0.08022067451088173
2025-09-06 00:45:00,1.8747339926573592,1.9697977899105161,-0.9043704934343686,0.17884517456604948
2025-09-06 01:00:00,1.6150070381254336,-0.08402033972969009,0.14838547103298302,0.23295970461684834
2025-09-06 01:15:00,1.480413595025869,-0.1331521534354131,0.14838547103298302,0.23295970461684834
2025-09-06 01:30:00,1.480413595025869,-0.1331521534354131,0.22259836860203233,0.30947300438809827
2025-09-06 01:45:00,1.464684476422501,0.9380338923777182,0.43123673294059606,0.3212074566559238
2025-09-06 02:00:00,1.4489553578191332,1.545745054678168,0.43123673294059606,0.3329419089237495
2025-09-06 02:15:00,1.3034775166193115,1.545745054678168,0.2052370673935318,0.5014737087270345
2025-09-06 02:30:00,1.15799967541949,1.0822701711654865,-0.361898019241257,0.6700055085303195
2025-09-06 02:45:00,1.0482551675109033,0.6812568939221396,-0.361898019241257,0.6700055085303195
2025-09-06 03:00:00,1.0482551675109033,0.6187952876528051,0.010649994137327028,0.2778680241137919
2025-09-06 03:15:00,1.2730685983146703,-0.14005350847437448,0.08558048702481878,0.21971976620759198
2025-09-06 03:30:00,1.2730685983146703,-0.2238983720801675,0.08558048702481878,0.1208071661712667
2025-09-06 03:45:00,1.1684877669039109,-0.14005350847437448,0.04571958580139204,0.21971976620759198
2025-09-06 04:00:00,0.29359462314230983,1.1328702855128574,-0.7392107763402843,1.933323097934817
2025-09-06 04:15:00,0.23361130318204867,1.232657186127741,-1.0167736231709208,1.933323097934817
2025-09-06 04:30:00,0.17362798322178752,1.3324440867426246,-1.2943364700015578,1.8597529385623461
2025-09-06 04:45:00,0.11364466326152635,1.432230987357508,-1.571899316832194,1.786182779189875
2025-09-06 05:00:00,0.05366134330126518,1.432230987357508,-1.8494621636628308,1.7126126198174039
2025-09-06 05:15:00,-0.18831739893342075,1.2581536736479944,-1.8671541116624653,1.178853088024883
2025-09-06 05:30:00,-0.4302961411681067,0.9842894593235969,-1.8848460596620995,0.645093556232362
2025-09-06 05:45:00,-0.6722748834027924,0.7104252449991998,-1.9025380076617338,0.11133402443984086
2025-09-06 06:00:00,-0.9142536256374786,0.43656103067480245,-1.9025380076617338,-0.42242550735267986
2025-09-06 06:15:00,-0.9868965088116306,0.2775665903953572,-1.8437312640337482,-0.6927511408527354
2025-09-06 06:30:00,-1.0595393919857827,0.11857215011591203,-1.767232572406128,-0.9630767743527909
2025-09-06 06:45:00,-1.132182275159935,-0.04042229016353323,-1.6907338807785077,-1.2334024078528463
2025-09-06 07:00:00,-1.132182275159935,-0.19941673044297842,-1.6142351891508877,-1.385242409265781
2025-09-06 07:15:00,-1.0906386651224569,-0.23199917173457932,-1.3379457697554786,-1.385242409265781
2025-09-06 07:30:00,-0.9764521719108267,-0.2645816130261802,-1.0616563503600698,-1.2667567771786599
2025-09-06 07:45:00,-0.8622656786991959,-0.2971640543177811,-0.7853669309646608,-1.1482711450915386
2025-09-06 08:00:00,-0.7480791854875657,-0.32974649560938196,-0.5090775115692519,-1.0297855130044176
2025-09-06 08:15:00,-0.6338926922759354,-0.36232893690098283,-0.2327880921738429,-0.9112998809172963
2025-09-06 08:30:00,-0.5197061990643052,-0.3949113781925837,0.04350132722156618,-0.7928142488301752
2025-09-06 08:45:00,-0.40551970585267466,-0.42749381948418463,0.31979074661697526,-0.674328616743054
2025-09-06 09:00:00,-0.29133321264104417,-0.4600762607757855,0.596080166012384,-0.5558429846559328
2025-09-06 09:15:00,-0.1771467194294139,-0.49265870206738643,0.8723695854077931,-0.43735735256881164
2025-09-06 09:30:00,-0.06296022621778341,-0.5252411433589873,1.148659004803202,-0.31887172048169055
2025-09-06 09:45:00,0.05122626699384686,-0.5578235846505881,1.424948424198611,-0.2003860883945695
2025-09-06 10:00:00,0.16541276020547713,-0.5578235846505881,1.424948424198611,-0.08190045630744823
2025-09-06 10:15:00,0.8976562470862455,-0.5904060259421892,0.7389913642862326,-0.08190045630744823
2025-09-06 10:30:00,1.080541913622657,-0.5723012668594117,0.5328520204688092,-0.09753341843691855
2025-09-06 10:45:00,1.0184943494004293,-0.5962263094694753,0.7389913642862326,-0.16284714042262502
2025-09-06 11:00:00,1.0184943494004293,-0.688287809077432,0.7733698183755346,-0.16284714042262502
2025-09-06 11:15:00,0.27501215722119093,-1.166413914990207,0.9345148425528486,-0.16434743292680387
2025-09-06 11:30:00,-0.4684700349580474,-1.6445400209029821,1.0956598667301625,-0.16584772543098272
2025-09-06 11:45:00,-1.2119522271372858,-2.122666126815757,1.2568048909074765,-0.16734801793516157
2025-09-06 12:00:00,-1.2119522271372858,-2.122666126815757,1.2568048909074765,-0.16734801793516157
2025-09-06 12:15:00,0.7200055813491145,-0.8555091128591856,0.46830113907459486,0.1656052405414595
2025-09-06 12:30:00,0.7852510598838526,-0.8086762082078119,0.4180380031273655,0.1656052405414595
2025-09-06 12:45:00,0.7787026273494174,-0.8211501912833186,0.36545247185301283,0.01257837791898066
2025-09-06 13:00:00,0.7787026273494174,-0.8211501912833186,0.3559541273123109,0.01257837791898066
2025-09-06 13:15:00,0.49376116889366906,-1.3937226452274225,0.3559541273123109,0.8024804608852919
2025-09-06 13:30:00,0.20881971043792058,-1.9662950991715267,0.3464557827716091,1.5923825438516033
2025-09-06 13:45:00,-0.07612174801782777,-2.538867553115631,0.3369574382309073,2.3822846268179143
2025-09-06 14:00:00,-0.33052782411961085,-2.783717471581147,0.3274590936902054,3.1396152193407207
2025-09-06 14:15:00,-0.33052782411961085,-2.9456947730335923,0.3001303814873566,3.1396152193407207
2025-09-06 14:30:00,-0.29999244176564577,-2.9456947730335923,0.2728016692845078,3.107043728897216
2025-09-06 14:45:00,-0.2694570594116807,-2.8628221560205205,0.24547295708165895,3.074472238453711
2025-09-06 15:00:00,-0.2389216770577156,-2.7799495390074496,0.21814424487881012,3.0419007480102067
2025-09-06 15:15:00,-0.20838629470375053,-2.6970769219943778,0.19081553267596132,3.009329257566702
2025-09-06 15:30:00,-0.17785091234978567,-2.6142043049813064,0.1634868204731125,2.976757767123197
2025-09-06 15:45:00,-0.1473155299958206,-2.5313316879682355,0.13615810827026367,2.9441862766796927
2025-09-06 16:00:00,-0.11678014764185551,-2.4484590709551637,0.10882939606741485,2.911614786236188
2025-09-06 16:15:00,-0.08624476528789043,-2.3655864539420928,0.08150068386456602,2.879043295792683
2025-09-06 16:30:00,-0.055709382933925355,-2.2827138369290214,0.054171971661717194,2.8464718053491787
2025-09-06 16:45:00,-0.02517400057996028,-2.1998412199159496,0.026843259458868368,2.813900314905674
2025-09-06 17:00:00,0.005361381774004796,-2.1169686029028782,-0.00048545274398045606,2.781328824462169
2025-09-06 17:15:00,0.035896764127969875,-2.0340959858898073,-0.02781416494682928,2.748757334018664
2025-09-06 17:30:00,0.06643214648193495,-1.951223368876736,-0.0551428771496781,2.71618584357516
2025-09-06 17:45:00,0.09696752883590003,-1.8683507518636642,-0.08247158935252692,2.683614353131655
2025-09-06 18:00:00,0.1275029111898651,-1.785478134850593,-0.10980030155537575,2.65104286268815
2025-09-06 18:15:00,0.15803829354382998,-1.7026055178375217,-0.1371290137582246,2.6184713722446458
2025-09-06 18:30:00,0.18857367589779525,-1.6197329008244505,-0.1644577259610734,2.585899881801141
2025-09-06 18:45:00,0.21910905825176014,-1.536860283811379,-0.1917864381639222,2.553328391357636
2025-09-06 19:00:00,0.2496444406057252,-1.4539876667983078,-0.21911515036677104,2.5207569009141317
2025-09-06 19:15:00,0.2801798229596903,-1.3711150497852362,-0.24644386256961986,2.488185410470627
2025-09-06 19:30:00,0.3107152053136554,-1.2882424327721649,-0.2737725747724687,2.455613920027122
2025-09-06 19:45:00,0.34125058766762045,-1.2053698157590937,-0.3011012869753175,2.4230424295836177
2025-09-06 20:00:00,0.3717859700215855,-1.1224971987460222,-0.32842999917816634,2.390470939140113
2025-09-06 20:15:00,0.40232135237555056,-1.039624581732951,-0.35575871138101534,2.357899448696608
2025-09-06 20:30:00,0.43285673472951547,-0.9567519647198797,-0.38308742358386394,2.3253279582531037
2025-09-06 20:45:00,0.4633921170834806,-0.8738793477068082,-0.4104161357867129,2.292756467809599
2025-09-06 21:00:00,0.4939274994374457,-0.7910067306937371,-0.43774484798956176,2.260184977366094
2025-09-06 21:15:00,0.5244628817914108,-0.7081341136806655,-0.46507356019241064,2.227613486922589
2025-09-06 21:30:00,0.5549982641453759,-0.625261496667594,-0.49240227239525924,2.195041996479085
2025-09-06 21:45:00,0.5855336464993408,-0.5423888796545229,-0.5197309845981082,2.16247050603558
2025-09-06 22:00:00,0.6160690288533059,-0.45951626264145135,-0.547059696800957,2.129899015592075
2025-09-06 22:15:00,0.646604411207271,-0.3766436456283802,-0.5743884090038059,2.097327525148571
2025-09-06 22:30:00,0.6771397935612361,-0.29377102861530874,-0.6017171212066545,2.0647560347050655
2025-09-06 22:45:00,0.7076751759152011,-0.21089841160223727,-0.6290458334095035,2.032184544261561
2025-09-06 23:00:00,0.7382105582691663,-0.12802579458916613,-0.6563745456123523,1.9996130538180563
2025-09-06 23:15:00,0.7687459406231313,-0.04515317757609465,-0.6837032578152012,1.9670415633745517
2025-09-06 23:30:00,0.7992813229770964,0.03771943943697683,-0.7110319700180499,1.934470072931047
2025-09-06 23:45:00,0.8298167053310614,0.12059205645004831,-0.7383606822208988,1.9018985824875423
2025-09-07 00:00:00,0.8603520876850264,0.2034646734631191,-0.7656893944237476,1.8693270920440377
2025-09-07 00:15:00,0.8908874700389914,0.2863372904761906,-0.7930181066265966,1.8367556016005329
2025-09-07 00:30:00,0.9214228523929565,0.3692099074892621,-0.8203468188294452,1.8041841111570283
2025-09-07 00:45:00,0.9519582347469215,0.45208252450233355,-0.847675531032294,1.7716126207135237
2025-09-07 01:00:00,0.9824936171008866,0.534955141515405,-0.8750042432351429,1.7390411302700188
2025-09-07 01:15:00,1.0130289994548516,0.6178277585284758,-0.9023329554379919,1.7064696398265142
2025-09-07 01:30:00,1.0435643818088167,0.7007003755415473,-0.9296616676408405,1.6738981493830094
2025-09-07 01:45:00,1.0740997641627819,0.7835729925546187,-0.9569903798436893,1.6413266589395048
2025-09-07 02:00:00,1.104635146516747,0.8664456095676901,-0.9843190920465382,1.6087551684960002
2025-09-07 02:15:00,1.135170528870712,0.9493182265807617,-1.011647804249387,1.5761836780524954
2025-09-07 02:30:00,1.165705911224677,1.0321908435938325,-1.038976516452236,1.5436121876089908
2025-09-07 02:45:00,1.1962412935786422,1.1150634606069039,-1.0663052286550847,1.5110406971654862
2025-09-07 03:00:00,1.226776675932607,1.1979360776199754,-1.0936339408579334,1.4784692067219813
2025-09-07 03:15:00,1.257312058286572,1.2808086946330468,-1.1209626530607824,1.4458977162784767
2025-09-07 03:30:00,1.2878474406405371,1.3636813116461184,-1.1482913652636313,1.413326225834972
2025-09-07 03:45:00,1.3183828229945023,1.446553928659189,-1.17562007746648,1.3807547353914673
2025-09-07 04:00:00,1.3489182053484674,1.5294265456722607,-1.2029487896693287,1.3481832449479627
2025-09-07 04:15:00,1.3794535877024323,1.612299162685332,-1.2302775018721777,1.3156117545044579
2025-09-07 04:30:00,1.4099889700563975,1.6951717796984036,-1.2576062140750266,1.2830402640609533
2025-09-07 04:45:00,1.4405243524103626,1.7780443967114752,-1.2849349262778753,1.2504687736174487
2025-09-07 05:00:00,1.4710597347643277,1.8609170137245465,-1.312263638480724,1.2178972831739439
2025-09-07 05:15:00,1.5015951171182926,1.9437896307376175,-1.339592350683573,1.1853257927304393
2025-09-07 05:30:00,1.5321304994722575,2.026662247750689,-1.366921062886422,1.1527543022869344
2025-09-07 05:45:00,1.562665881826223,2.10953486476376,-1.3942497750892706,1.1201828118434298
2025-09-07 06:00:00,1.562665881826223,2.10953486476376,-1.4215784872921193,1.087611321399925
2025-09-07 06:15:00,1.443427191850083,2.0939002533586946,-1.5345203237711524,-0.7228306116760992
2025-09-07 06:30:00,1.293653119519978,1.9953930249405574,-1.647462160250185,-2.5332725447521236
2025-09-07 06:45:00,1.1438790471898734,1.89688579652242,-1.7604039967292182,-2.5796192240723035
2025-09-07 07:00:00,0.9941049748597686,1.798378568104283,-1.8444325259409642,-2.625965903392483
2025-09-07 07:15:00,0.6362406168196378,1.5688873628208935,-1.8444325259409642,-2.6723125827126624
2025-09-07 07:30:00,0.278376258779507,1.3393961575375037,-1.8155192186736768,-2.6723125827126624
2025-09-07 07:45:00,-0.07948809926062372,1.1099049522541145,-1.7866059114063895,-1.000910687597178
2025-09-07 08:00:00,-0.43735245730075445,0.8804137469707247,-1.7576926041391023,0.5153064094448385
2025-09-07 08:15:00,-0.6045012821287936,0.8237995089466507,-1.672141429065191,0.5153064094448385
2025-09-07 08:30:00,-0.7716501069568324,0.7671852709225767,-1.58659025399128,0.3137749320511905
2025-09-07 08:45:00,-0.9387989317848714,0.7105710328985028,-1.5010390789173689,0.11224345465754264
2025-09-07 09:00:00,-1.1059477566129108,0.7105710328985028,-1.4154879038434578,-0.012403365245604968
2025-09-07 09:15:00,-1.6522444807884251,0.8187957346108128,-1.2477837355440162,-0.012403365245604968
2025-09-07 09:30:00,-2.1985412049639392,0.9836346743471969,-1.0800795672445749,0.06448129224489549
2025-09-07 09:45:00,-2.744837929139453,1.1484736140835805,-0.9123753989451332,0.1413659497353959
2025-09-07 10:00:00,-3.1436137381203495,1.3133125538199646,-0.7446712306456915,0.21825060722589643
2025-09-07 10:15:00,-3.1436137381203495,1.4781514935563487,-0.5769670623462501,0.2951352647163969
2025-09-07 10:30:00,-2.9960928229257324,1.6429904332927325,-0.4092628940468086,0.3720199222068973
2025-09-07 10:45:00,-2.848571907731115,1.8078293730291164,-0.24155872574736692,0.44890457969739767
2025-09-07 11:00:00,-2.7010509925364974,1.9726683127655007,-0.07385455744792531,0.5257892371878982
2025-09-07 11:15:00,-2.55353007734188,2.1375072525018846,0.09384961085151602,0.6026738946783986
2025-09-07 11:30:00,-2.4060091621472623,2.3023461922382684,0.2615537791509577,0.6795585521688992
2025-09-07 11:45:00,-2.258488246952645,2.3023461922382684,0.4292579474503992,0.7564432096593996
2025-09-07 12:00:00,-2.1109673317580273,0.27129567669313753,1.8233246524531248,1.3779639517336038
2025-09-07 12:15:00,-1.9476856939459715,0.14674886095647494,1.9577385124411932,1.999484693807808
2025-09-07 12:30:00,-1.7844040561339152,0.022202045219812238,2.092152372429261,2.621005435882012
2025-09-07 12:45:00,-1.621122418321859,-0.10234477051685043,2.22656623241733,2.621005435882012
2025-09-07 13:00:00,-1.4578407805098033,-0.16431927411042832,2.22656623241733,-0.23454835660485962
2025-09-07 13:15:00,-0.10130490902278305,-0.16431927411042832,1.5204565535277694,-0.23454835660485962
2025-09-07 13:30:00,1.0832317045704156,-0.15510977840810558,0.6799330146501407,-0.162847403502604
2025-09-07 13:45:00,1.0832317045704156,-0.15510977840810558,0.6799330146501407,-0.162847403502604
2025-09-07 14:00:00,1.0638066849821781,-0.25189417854206536,0.7646342388446458,-0.16284714042262502
2025-09-07 14:15:00,0.8579941317541669,-0.25189417854206536,0.8384949210927258,0.01257837791898066
2025-09-07 14:30:00,0.8766181531501769,-0.14329487910187896,0.7646342388446458,0.012578632229627013
2025-09-07 14:45:00,0.8579941317541669,-0.14329487910187896,0.8384949210927258,0.023856699926901873
2025-09-07 15:00:00,0.5290564368545715,-0.09715436172460865,0.8130590308277296,0.16560497746148048
2025-09-07 15:15:00,0.5290564368545715,-0.17851726243235996,0.8130590308277296,0.21971963466760247
2025-09-07 15:30:00,0.6910055000084571,-0.17851726243235996,0.6761500827791979,0.16560497746148048
2025-09-07 15:45:00,0.6910055000084571,-0.2460736083188471,0.6761500827791979,0.21971963466760247
2025-09-07 16:00:00,-0.05329251186879331,-1.0610362802080815,0.9879369384569235,1.0235428227247685
2025-09-07 16:15:00,-0.52326365922415,-1.0610362802080815,0.9879369384569235,1.0235428227247685
2025-09-07 16:30:00,-0.9932348065795067,-0.6947545252369798,0.842949137899185,0.7618189464880653
2025-09-07 16:45:00,-1.463205953934863,-0.32847277026587796,0.6979613373414465,0.5000950702513618
2025-09-07 17:00:00,-1.9331771012902201,0.03780898470522368,0.5529735367837079,0.2383711940146584
2025-09-07 17:15:00,-1.9331771012902201,0.03780898470522368,0.40798573622596945,0.13200687988146598
2025-09-07 17:30:00,0.6934371972623137,-0.12933817709421855,0.3209855341039697,-0.023352682222044667
2025-09-07 17:45:00,0.6934371972623137,-0.12933817709421855,0.27736797079992515,-0.03221944214056576
2025-09-07 18:00:00,0.11211305474657934,-0.09391314877986681,-0.006647240567192859,-0.2726645524743687
2025-09-07 18:15:00,-0.4961466274811419,-0.05848812046551503,-0.29066245193431084,-0.5131096628081716
2025-09-07 18:30:00,-1.1044063097088634,-0.02306309215116332,-0.5746776633014289,-0.7535547731419744
2025-09-07 18:45:00,-1.1044063097088634,-0.02306309215116332,-0.5746776633014289,-0.7535547731419744
2025-09-07 19:00:00,0.5352466787845704,-0.2829387246347185,-0.19262326982473302,0.1544057855265729
2025-09-07 19:15:00,0.5352466787845704,-0.3079547844646791,-0.19262326982473302,0.17041078440066373
2025-09-07 19:30:00,0.3384870975433267,-0.3329708442946397,-0.3654060563157395,0.18641578327475464
2025-09-07 19:45:00,0.141727516302083,-0.3579869041246003,-0.5381888428067458,0.2024207821488455
2025-09-07 20:00:00,0.141727516302083,-0.383002963954561,-0.5381888428067458,0.21842578102293636
2025-09-07 20:15:00,0.8558908678294366,-0.4262765386094453,-0.2579237704137726,0.21842578102293636
2025-09-07 20:30:00,0.9003935230477967,-0.4644222064486653,-0.2579237704137726,0.31863184008395934
2025-09-07 20:45:00,0.9487584519412652,-0.561463246218521,-0.1543881005912261,0.1656052405414595
2025-09-07 21:00:00,0.9631788938669743,-0.5732886038905638,-0.23623821005440981,0.1544057855265729
2025-09-07 21:15:00,0.9872617212679035,-0.6299919364478395,-0.1543881005912261,0.1544057855265729
2025-09-07 21:30:00,0.9631788938669743,-0.6610994424760983,-0.11374448880095477,0.14320633051168624
2025-09-07 21:45:00,0.9267407112632474,-0.7941464093156648,-0.1125924131825163,-0.03221944214056576
2025-09-07 22:00:00,0.9258251153692068,-0.7941464093156648,-0.1125924131825163,-0.03341542672217747
2025-09-07 22:15:00,0.9249095194751662,-0.7609249651517819,-0.11562117859896885,-0.03461141130378916
2025-09-07 22:30:00,0.9239939235811255,-0.7277035209878991,-0.11864994401542132,-0.03580739588540087
2025-09-07 22:45:00,0.9230783276870849,-0.6944820768240164,-0.12167870943187388,-0.03700338046701256
2025-09-07 23:00:00,0.9221627317930442,-0.6612606326601336,-0.12470747484832637,-0.03819936504862428
2025-09-07 23:15:00,0.9212471358990036,-0.6280391884962507,-0.12773624026477884,-0.03939534963023597
2025-09-07 23:30:00,0.920331540004963,-0.594817744332368,-0.1307650056812314,-0.04059133421184768
2025-09-07 23:45:00,0.9194159441109223,-0.561596300168485,-0.13379377109768387,-0.04178731879345937
2025-09-08 00:00:00,0.9185003482168818,-0.5283748560046023,-0.13682253651413637,-0.04298330337507108
2025-09-08 00:15:00,0.9175847523228411,-0.49515341184071954,-0.13985130193058892,-0.04417928795668278
2025-09-08 00:30:00,0.9166691564288004,-0.4619319676768367,-0.1428800673470414,-0.04537527253829449
2025-09-08 00:45:00,0.9157535605347598,-0.42871052351295386,-0.14590883276349395,-0.046571257119906194
2025-09-08 01:00:00,0.9148379646407192,-0.3954890793490711,-0.14893759817994642,-0.04776724170151789
2025-09-08 01:15:00,0.9139223687466785,-0.3622676351851883,-0.1519663635963989,-0.0489632262831296
2025-09-08 01:30:00,0.9130067728526379,-0.3290461910213055,-0.15499512901285145,-0.050159210864741295
2025-09-08 01:45:00,0.9120911769585972,-0.29582474685742266,-0.15802389442930395,-0.051355195446353
2025-09-08 02:00:00,0.9111755810645567,-0.2626033026935398,-0.16105265984575642,-0.052551180027964696
2025-09-08 02:15:00,0.910259985170516,-0.22938185852965706,-0.16408142526220898,-0.0537471646095764
2025-09-08 02:30:00,0.9093443892764754,-0.19616041436577425,-0.16711019067866145,-0.0549431491911881
2025-09-08 02:45:00,0.9084287933824347,-0.1629389702018914,-0.170138956095114,-0.05613913377279981
2025-09-08 03:00:00,0.9075131974883941,-0.1297175260380086,-0.17316772151156648,-0.057335118354411505
2025-09-08 03:15:00,0.9065976015943534,-0.09649608187412576,-0.17619648692801898,-0.05853110293602321
2025-09-08 03:30:00,0.9056820057003129,-0.06327463771024301,-0.17922525234447154,-0.05972708751763492
2025-09-08 03:45:00,0.9047664098062721,-0.030053193546360105,-0.182254017760924,-0.06092307209924661
2025-09-08 04:00:00,0.9038508139122315,0.0031682506175226377,-0.18528278317737656,-0.062119056680858306
2025-09-08 04:15:00,0.9029352180181909,0.036389694781405385,-0.18831154859382904,-0.06331504126247002
2025-09-08 04:30:00,0.9020196221241503,0.0696111389452883,-0.1913403140102815,-0.06451102584408173
2025-09-08 04:45:00,0.9011040262301095,0.10283258310917104,-0.19436907942673406,-0.06570701042569342
2025-09-08 05:00:00,0.900188430336069,0.13605402727305396,-0.19739784484318657,-0.06690299500730512
2025-09-08 05:15:00,0.8992728344420283,0.1692754714369367,-0.20042661025963904,-0.06809897958891682
2025-09-08 05:30:00,0.8983572385479878,0.20249691560081945,-0.2034553756760916,-0.06929496417052854
2025-09-08 05:45:00,0.897441642653947,0.23571835976470235,-0.20648414109254407,-0.07049094875214022
2025-09-08 06:00:00,0.8965260467599064,0.2689398039285851,-0.20951290650899654,-0.07168693333375192
2025-09-08 06:15:00,0.8956104508658658,0.302161248092468,-0.2125416719254491,-0.07288291791536365
2025-09-08 06:30:00,0.8946948549718252,0.33538269225635076,-0.2155704373419016,-0.07407890249697534
2025-09-08 06:45:00,0.8937792590777845,0.3686041364202335,-0.21859920275835415,-0.07527488707858704
2025-09-08 07:00:00,0.8928636631837439,0.4018255805841164,-0.22162796817480662,-0.07647087166019877
2025-09-08 07:15:00,0.8919480672897032,0.43504702474799917,-0.22465673359125918,-0.07766685624181045
2025-09-08 07:30:00,0.8910324713956627,0.46826846891188206,-0.22768549900771165,-0.07886284082342215
2025-09-08 07:45:00,0.890116875501622,0.5014899130757648,-0.23071426442416412,-0.08005882540503384
2025-09-08 08:00:00,0.8892012796075813,0.5347113572396476,-0.23374302984061668,-0.08125480998664554
2025-09-08 08:15:00,0.8882856837135407,0.5679328014035304,-0.23677179525706918,-0.08245079456825725
2025-09-08 08:30:00,0.8873700878195001,0.6011542455674133,-0.23980056067352165,-0.08364677914986896
2025-09-08 08:45:00,0.8864544919254594,0.6343756897312961,-0.2428293260899742,-0.08484276373148068
2025-09-08 09:00:00,0.8855388960314188,0.6675971338951788,-0.24585809150642668,-0.08603874831309237
2025-09-08 09:15:00,0.8846233001373781,0.7008185780590616,-0.24888685692287915,-0.08723473289470407
2025-09-08 09:30:00,0.8837077042433376,0.7340400222229444,-0.25191562233933174,-0.08843071747631576
2025-09-08 09:45:00,0.8827921083492969,0.7672614663868274,-0.2549443877557842,-0.08962670205792746
2025-09-08 10:00:00,0.8818765124552562,0.8004829105507101,-0.2579731531722367,-0.09082268663953919
2025-09-08 10:15:00,0.8809609165612156,0.8337043547145928,-0.2610019185886892,-0.09201867122115087
2025-09-08 10:30:00,0.880045320667175,0.8669257988784755,-0.26403068400514174,-0.09321465580276257
2025-09-08 10:45:00,0.8791297247731343,0.9001472430423583,-0.26705944942159426,-0.09441064038437429
2025-09-08 11:00:00,0.8782141288790938,0.9333686872062414,-0.27008821483804674,-0.09560662496598599
2025-09-08 11:15:00,0.877298532985053,0.9665901313701242,-0.2731169802544993,-0.09680260954759769
2025-09-08 11:30:00,0.8763829370910124,0.9998115755340069,-0.2761457456709518,-0.09799859412920937
2025-09-08 11:45:00,0.8754673411969718,1.0330330196978896,-0.27917451108740426,-0.0991945787108211
2025-09-08 12:00:00,0.8745517453029312,1.0662544638617724,-0.2822032765038568,-0.10039056329243279
2025-09-08 12:15:00,0.8736361494088905,1.0994759080256555,-0.2852320419203093,-0.10158654787404449
2025-09-08 12:30:00,0.8727205535148499,1.1326973521895383,-0.2882608073367618,-0.10278253245565622
2025-09-08 12:45:00,0.8718049576208092,1.165918796353421,-0.2912895727532143,-0.1039785170372679
2025-09-08 13:00:00,0.8708893617267687,1.1991402405173037,-0.2943183381696668,-0.1051745016188796
2025-09-08 13:15:00,0.8699737658327279,1.2323616846811865,-0.29734710358611927,-0.10637048620049129
2025-09-08 13:30:00,0.8690581699386873,1.2655831288450694,-0.30037586900257185,-0.10756647078210299
2025-09-08 13:45:00,0.8681425740446467,1.2988045730089524,-0.3034046344190244,-0.10876245536371472
2025-09-08 14:00:00,0.8672269781506061,1.332026017172835,-0.3064333998354768,-0.1099584399453264
2025-09-08 14:15:00,0.8663113822565653,1.3652474613367178,-0.3094621652519294,-0.11115442452693813
2025-09-08 14:30:00,0.8653957863625248,1.3984689055006005,-0.3124909306683819,-0.11235040910854982
2025-09-08 14:45:00,0.8644801904684841,1.4316903496644835,-0.3155196960848344,-0.11354639369016152
2025-09-08 15:00:00,0.8635645945744436,1.4649117938283662,-0.31854846150128685,-0.11474237827177322
2025-09-08 15:15:00,0.8626489986804029,1.498133237992249,-0.32157722691773943,-0.11593836285338491
2025-09-08 15:30:00,0.8617334027863622,1.5313546821561317,-0.3246059923341919,-0.11713434743499661
2025-09-08 15:45:00,0.8608178068923216,1.5645761263200146,-0.3276347577506444,-0.11833033201660832
2025-09-08 16:00:00,0.859902210998281,1.5977975704838976,-0.33066352316709696,-0.11952631659822002
2025-09-08 16:15:00,0.8589866151042403,1.6310190146477803,-0.3336922885835494,-0.12072230117983175
2025-09-08 16:30:00,0.8580710192101997,1.664240458811663,-0.33672105400000196,-0.12191828576144344
2025-09-08 16:45:00,0.857155423316159,1.6974619029755458,-0.3397498194164545,-0.12311427034305514
2025-09-08 17:00:00,0.8562398274221185,1.7306833471394285,-0.3427785848329069,-0.12431025492466682
2025-09-08 17:15:00,0.8553242315280778,1.7639047913033117,-0.34580735024935944,-0.1255062395062785
2025-09-08 17:30:00,0.8544086356340372,1.7971262354671944,-0.348836115665812,-0.12670222408789025
2025-09-08 17:45:00,0.8534930397399965,1.8303476796310771,-0.35186488108226455,-0.12789820866950194
2025-09-08 18:00:00,0.8525774438459559,1.8635691237949599,-0.35489364649871696,-0.12909419325111365
2025-09-08 18:15:00,0.8516618479519152,1.8967905679588426,-0.35792241191516955,-0.13029017783272537
2025-09-08 18:30:00,0.8507462520578746,1.9300120121227258,-0.3609511773316221,-0.13148616241433705
2025-09-08 18:45:00,0.8498306561638339,1.9632334562866085,-0.3639799427480746,-0.13268214699594874
2025-09-08 19:00:00,0.8489150602697934,1.9964549004504912,-0.367008708164527,-0.13387813157756043
2025-09-08 19:15:00,0.8479994643757527,2.029676344614374,-0.3700374735809796,-0.13507411615917214
2025-09-08 19:30:00,0.8470838684817121,2.062897788778257,-0.37306623899743213,-0.13627010074078386
2025-09-08 19:45:00,0.8461682725876714,2.0961192329421396,-0.37609500441388455,-0.1374660853223956
2025-09-08 20:00:00,0.8452526766936308,2.1293406771060224,-0.37912376983033713,-0.13866206990400728
2025-09-08 20:15:00,0.8443370807995901,2.162562121269905,-0.38215253524678966,-0.139858054485619
2025-09-08 20:30:00,0.8434214849055496,2.195783565433788,-0.3851813006632421,-0.14105403906723069
2025-09-08 20:45:00,0.8425058890115088,2.2290050095976706,-0.3882100660796946,-0.14225002364884237
2025-09-08 21:00:00,0.8415902931174682,2.2622264537615533,-0.3912388314961472,-0.14344600823045406
2025-09-08 21:15:00,0.8406746972234276,2.2954478979254365,-0.3942675969125996,-0.14464199281206577
2025-09-08 21:30:00,0.839759101329387,2.328669342089319,-0.39729636232905213,-0.14583797739367746
2025-09-08 21:45:00,0.8388435054353464,2.3618907862532024,-0.40032512774550466,-0.1470339619752892
2025-09-08 22:00:00,0.8379279095413057,2.395112230417085,-0.4033538931619571,-0.14822994655690092
2025-09-08 22:15:00,0.8379279095413057,2.395112230417085,-0.4033538931619571,-0.14822994655690092
2025-09-08 22:30:00,1.3741397758290763,0.18058703935829806,0.040541833556320114,-0.09549267634723618
2025-09-08 22:45:00,1.3741397758290763,-0.022276456607247887,0.05876104564527051,-0.07309390224211877
2025-09-08 23:00:00,1.2750209310762313,0.14218294350413654,0.040541833556320114,-0.07309390224211877
2025-09-08 23:15:00,1.188149577303689,0.14218294350413654,-0.08549708690003889,0.08387564619360999
2025-09-08 23:30:00,1.101278223531147,0.3066423436155209,-0.2297552194453483,0.24084519462933873
2025-09-08 23:45:00,1.0144068697586048,0.4711017437269054,-0.37401335199065777,0.3978147430650675
2025-09-09 00:00:00,0.9275355159860627,0.6355611438382898,-0.5182714845359672,0.5547842915007963
2025-09-09 00:15:00,0.9275355159860627,0.6355611438382898,-0.5182714845359672,0.5547842915007963
2025-09-09 00:30:00,1.2355599143092708,-0.14283695176101172,0.014499179565720338,0.3635876572095539
2025-09-09 00:45:00,1.2355599143092708,-0.19061740910172384,0.01881430135984305,0.2105607945870751
2025-09-09 01:00:00,1.2306859944251278,-0.16737462132795458,0.014499179565720338,0.2105607945870751
2025-09-09 01:15:00,1.0133253664445059,-0.16737462132795458,-0.11016761442808508,0.2790486098427486
2025-09-09 01:30:00,0.7959647384638839,-0.14413183355418532,-0.2391495302160132,0.34753642509842214
2025-09-09 01:45:00,0.578604110483262,-0.12088904578041605,-0.3681314460039414,0.41602424035409563
2025-09-09 02:00:00,0.36124348250264,-0.09764625800664675,-0.4971133617918696,0.4845120556097691
2025-09-09 02:15:00,0.36124348250264,-0.09764625800664675,-0.4971133617918696,0.4845120556097691
2025-09-09 02:30:00,1.1662906325059577,-0.3581881771175436,0.1263224394515479,0.01257837791898066
2025-09-09 02:45:00,1.1662906325059577,-0.3714988090481417,0.19262706378658645,-0.002518006054571666
2025-09-09 03:00:00,1.1059464334652822,-0.3848094409787397,0.25893168812162504,-0.017614390028123993
2025-09-09 03:15:00,1.0456022344246068,-0.39812007290933776,0.32523631245666357,-0.03271077400167632
2025-09-09 03:30:00,0.9852580353839313,-0.41143070483993577,0.3915409367917021,-0.047807157975228644
2025-09-09 03:45:00,0.9249138363432559,-0.42474133677053394,0.45784556112674074,-0.06290354194878098
2025-09-09 04:00:00,0.8645696373025804,-0.43805196870113194,0.5241501854617793,-0.07799992592233328
2025-09-09 04:15:00,0.8042254382619048,-0.45136260063173,0.5904548097968177,-0.09309630989588563
2025-09-09 04:30:00,0.7438812392212293,-0.46467323256232806,0.6567594341318564,-0.10819269386943797
2025-09-09 04:45:00,0.6835370401805538,-0.4779838644929262,0.7230640584668949,-0.12328907784299029
2025-09-09 05:00:00,0.6231928411398784,-0.4912944964235242,0.7893686828019335,-0.1383854618165426
2025-09-09 05:15:00,0.5628486420992029,-0.5046051283541222,0.8556733071369721,-0.15348184579009494
2025-09-09 05:30:00,0.5025044430585275,-0.5179157602847203,0.9219779314720107,-0.16857822976364728
2025-09-09 05:45:00,0.44216024401785203,-0.5312263922153183,0.9882825558070492,-0.18367461373719957
2025-09-09 06:00:00,0.3818160449771766,-0.5445370241459163,1.0545871801420876,-0.1987709977107519
2025-09-09 06:15:00,0.32147184593650113,-0.5578476560765144,1.120891804477126,-0.21386738168430425
2025-09-09 06:30:00,0.2611276468958255,-0.5711582880071124,1.1871964288121648,-0.2289637656578566
2025-09-09 06:45:00,0.20078344785515007,-0.5844689199377106,1.2535010531472033,-0.24406014963140887
2025-09-09 07:00:00,0.14043924881447462,-0.5977795518683086,1.3198056774822418,-0.2591565336049612
2025-09-09 07:15:00,0.14043924881447462,-0.5977795518683086,1.3198056774822418,-0.2591565336049612
2025-09-09 07:30:00,1.134259778481812,-0.40035643483845657,0.546108733230086,-0.162847403502604
2025-09-09 07:45:00,1.1521720697651725,-0.3554592302008125,0.49657491850811064,-0.009820400570803047
2025-09-09 08:00:00,1.134259778481812,-0.40035643483845657,0.546108733230086,-0.009820532110792549
2025-09-09 08:15:00,1.1232231561024937,-0.5862906250426595,0.6624193450398737,-0.009820532110792549
2025-09-09 08:30:00,1.1232231561024937,-0.594427028433774,0.7620463038124974,-0.009820532110792549
2025-09-09 08:45:00,1.1232231561024937,-0.6993720381490698,0.7198248580254506,-0.009820532110792549
2025-09-09 09:00:00,1.1264019396676326,-0.7558574591640926,0.7497683594682346,0.14320619897169676
2025-09-09 09:15:00,1.10194772888309,-0.8918639843533673,0.7198248580254506,0.14320619897169676
2025-09-09 09:30:00,1.10194772888309,-0.8918639843533673,0.7085971215798975,0.14320633051168624
2025-09-09 09:45:00,1.0733985416313894,-0.9207796637668262,0.6491267633001382,0.2571623874452295
2025-09-09 10:00:00,1.0014385173068658,-1.0408700070160726,0.6491267633001382,0.2571623874452295
2025-09-09 10:15:00,0.929478492982342,-1.2278118376046583,0.7069555098478516,0.21809183606694033
2025-09-09 10:30:00,0.8575184686578183,-1.4147536681932436,0.7647842563955649,0.17902128468865106
2025-09-09 10:45:00,0.8575184686578183,-1.4147536681932436,0.7647842563955649,0.13995073331036187
2025-09-09 11:00:00,1.0447121123873595,-0.6309119346402551,0.3378245266177569,0.01257837791898066
2025-09-09 11:15:00,1.1656705138161705,-0.6037124125493124,0.3378245266177569,-0.05265660422901437
2025-09-09 11:30:00,1.1772348792065706,-0.596210688313493,0.3570289968089112,-0.02003911315501686
